alert_id,technique_id,technique_name
1,T1110.001,Password Guessing
2,T1110,Brute Force
3,T1078,Valid Accounts
4,T1046,Network Service Discovery
5,T1204.002,Malicious File
6,T1059.001,PowerShell
7,T1078,Valid Accounts
8,T1204.001,Malicious Link
9,T1686,Disable or Modify System Firewall
10,T1105,Ingress Tool Transfer
11,T1110,Brute Force
12,T1531,Account Access Removal
13,T1071.001,Web Protocols
14,T1091,Replication Through Removable Media
15,T1068,Exploitation for Privilege Escalation
16,T1204.002,Malicious File
17,T1071.004,DNS
18,T1059,Command and Scripting Interpreter
19,T1021,Remote Services
20,T1048,Exfiltration Over Alternative Protocol